edad,ingreso_mensual,antiguedad_meses,compras_ultimo_anio,monto_promedio,usa_app,ciudad,respuesta_campania
63.0,3727.3,139.0,7.0,110.77,no,Arequipa,0
45.0,5200.1,181.0,3.0,133.34,no,Arequipa,0
23.0,2751.34,9.0,18.0,60.57,si,Lima,1
49.0,3849.12,134.0,5.0,169.87,no,Trujillo,0
27.0,2530.32,10.0,17.0,59.06,no,Trujillo,1
68.0,3885.22,139.0,2.0,187.3,no,Trujillo,0
43.0,5775.03,60.0,6.0,220.91,no,Lima,0
48.0,5836.08,55.0,8.0,187.52,si,,0
48.0,3700.94,84.0,5.0,122.71,no,Arequipa,0
54.0,5105.5,46.0,7.0,190.22,no,Lima,0
33.0,2141.1,8.0,15.0,66.86,si,Lima,1
41.0,5866.22,50.0,7.0,201.47,si,Lima,0
63.0,3270.44,126.0,8.0,171.73,no,Lima,1
32.0,2229.14,13.0,14.0,90.73,si,Lima,1
37.0,6390.15,54.0,7.0,193.57,no,Trujillo,1
37.0,4684.27,44.0,8.0,266.3,no,Lima,1
23.0,2608.18,9.0,12.0,65.31,si,Lima,1
39.0,4766.0,56.0,8.0,235.06,si,Arequipa,1
61.0,2418.01,95.0,1.0,180.65,si,Trujillo,0
47.0,4759.66,71.0,11.0,235.57,no,Lima,0
72.0,4079.93,101.0,5.0,189.33,no,Lima,0
34.0,5173.52,48.0,11.0,196.24,si,Lima,1
58.0,3123.53,89.0,1.0,160.66,no,Lima,0
60.0,3332.17,116.0,3.0,122.65,no,Arequipa,0
48.0,4762.51,67.0,5.0,159.79,no,Lima,0
25.0,2859.84,15.0,19.0,103.93,si,Lima,1
24.0,1848.98,13.0,13.0,32.74,si,Lima,1
57.0,3929.63,178.0,3.0,191.86,,Lima,0
53.0,2959.42,133.0,6.0,152.74,no,Arequipa,0
60.0,,157.0,6.0,176.22,no,Trujillo,0
31.0,2117.78,8.0,12.0,104.54,si,Arequipa,1
28.0,2311.58,14.0,26.0,89.12,no,Lima,1
61.0,3533.95,124.0,5.0,193.09,no,Trujillo,1
46.0,4438.82,63.0,10.0,182.79,si,Lima,1
28.0,2546.93,18.0,8.0,47.73,si,Lima,1
22.0,2250.92,10.0,23.0,87.84,si,Trujillo,1
58.0,,86.0,3.0,163.17,no,Arequipa,0
43.0,5680.25,64.0,8.0,247.21,no,Lima,0
67.0,1961.63,187.0,6.0,131.92,no,Trujillo,0
53.0,3749.29,131.0,4.0,148.26,no,Trujillo,1
23.0,2749.14,3.0,26.0,80.29,si,Lima,1
,2700.37,13.0,14.0,88.58,si,Lima,1
29.0,2653.63,6.0,19.0,81.77,no,Lima,1
37.0,5826.92,49.0,8.0,186.94,no,Arequipa,0
66.0,3274.06,129.0,4.0,130.75,no,Trujillo,1
48.0,5568.55,59.0,13.0,227.53,no,,1
35.0,5877.6,60.0,11.0,235.72,si,Arequipa,1
58.0,3877.51,120.0,4.0,131.22,no,Arequipa,0
39.0,4911.06,,1.0,130.17,no,Lima,0
65.0,3308.31,116.0,0.0,118.83,no,Trujillo,0
23.0,1835.39,14.0,18.0,65.44,si,Lima,1
27.0,2193.06,18.0,8.0,54.06,si,Lima,1
54.0,2565.16,111.0,3.0,181.79,si,Trujillo,0
46.0,5264.83,52.0,11.0,227.95,si,Lima,1
38.0,5628.01,47.0,9.0,230.45,no,Arequipa,1
36.0,6838.76,51.0,11.0,144.32,no,Lima,1
41.0,7094.01,64.0,7.0,323.77,no,Lima,1
52.0,6488.65,72.0,,169.41,no,Arequipa,1
28.0,2455.07,12.0,11.0,86.46,si,Lima,1
27.0,3100.94,9.0,14.0,63.64,si,Lima,1
55.0,3724.56,47.0,11.0,193.54,no,Lima,1
35.0,2932.23,196.0,1.0,142.56,no,Lima,0
61.0,3703.51,104.0,4.0,153.79,no,Arequipa,0
,5893.62,70.0,4.0,225.39,no,Lima,0
28.0,2423.86,11.0,15.0,74.37,si,Lima,1
59.0,5899.75,83.0,8.0,231.84,no,Trujillo,0
20.0,2508.4,10.0,16.0,67.89,si,Arequipa,1
49.0,3179.94,146.0,6.0,140.64,no,Lima,0
52.0,4979.98,66.0,7.0,266.67,si,Arequipa,1
31.0,2843.06,13.0,12.0,90.77,si,Lima,1
74.0,4107.33,88.0,3.0,136.69,no,Arequipa,1
28.0,2278.54,12.0,15.0,117.69,no,Arequipa,0
59.0,2841.21,108.0,5.0,126.77,no,Lima,0
23.0,2751.85,,9.0,61.33,si,Lima,1
35.0,2622.92,10.0,11.0,76.83,si,Lima,1
23.0,2411.61,8.0,11.0,77.05,si,Trujillo,1
40.0,5641.46,45.0,11.0,207.62,no,Trujillo,0
51.0,5793.99,54.0,6.0,235.24,si,Arequipa,0
35.0,3173.92,96.0,3.0,61.37,no,Arequipa,0
54.0,4207.95,111.0,5.0,145.59,si,Arequipa,1
40.0,6195.32,74.0,10.0,224.41,no,Lima,0
26.0,2518.79,16.0,17.0,67.8,si,Lima,1
27.0,2665.17,13.0,14.0,51.56,si,Lima,1
26.0,2297.22,17.0,20.0,91.12,no,Arequipa,1
53.0,6317.11,81.0,7.0,217.0,no,Lima,0
61.0,3271.51,108.0,5.0,,no,Lima,0
59.0,4113.47,61.0,5.0,133.24,si,Lima,1
52.0,6936.17,71.0,6.0,194.98,no,Arequipa,1
45.0,4696.83,,7.0,,si,Arequipa,0
29.0,2456.5,12.0,9.0,86.15,si,Lima,1
42.0,4669.99,115.0,5.0,97.87,si,Arequipa,1
50.0,,143.0,3.0,152.92,si,Lima,0
38.0,5006.2,74.0,8.0,282.25,no,Arequipa,0
52.0,5232.74,77.0,9.0,254.69,no,Trujillo,1
67.0,3307.94,76.0,5.0,164.24,no,Lima,0
56.0,4268.13,122.0,1.0,163.69,no,Trujillo,0
46.0,3697.14,115.0,3.0,167.22,no,Lima,0
61.0,2674.86,,9.0,136.26,no,Trujillo,0
32.0,2538.8,10.0,16.0,80.64,si,Trujillo,1
77.0,4149.41,148.0,1.0,173.29,no,Lima,0
25.0,3202.14,10.0,15.0,105.25,si,Lima,1
50.0,6046.66,83.0,11.0,192.91,si,Lima,1
29.0,2660.68,16.0,4.0,96.31,,Trujillo,1
31.0,2636.7,10.0,13.0,91.31,si,Lima,1
28.0,2597.99,4.0,17.0,106.56,si,Arequipa,1
22.0,2389.98,13.0,24.0,56.6,si,Lima,1
44.0,6212.16,52.0,7.0,89.0,no,Arequipa,0
72.0,3792.86,35.0,3.0,131.83,no,Lima,0
,3157.99,4.0,18.0,113.23,si,Arequipa,1
55.0,5282.68,67.0,8.0,199.18,no,Lima,0
40.0,6094.15,76.0,14.0,168.86,no,Arequipa,1
48.0,3996.06,64.0,10.0,179.71,si,Trujillo,1
24.0,2624.36,12.0,17.0,110.57,si,Lima,1
26.0,2579.62,14.0,18.0,98.99,si,Lima,1
66.0,3110.41,141.0,1.0,173.46,no,Arequipa,0
20.0,2848.93,10.0,12.0,87.99,si,Lima,1
51.0,5502.7,43.0,10.0,238.85,,Lima,1
67.0,2486.53,109.0,5.0,188.23,no,Arequipa,0
43.0,2400.39,6.0,19.0,70.86,si,Lima,1
30.0,3263.77,19.0,18.0,69.42,si,Lima,1
41.0,6046.86,65.0,9.0,96.01,no,Lima,1
53.0,4275.11,47.0,7.0,164.44,no,Lima,0
32.0,2196.35,19.0,20.0,84.82,si,Lima,1
59.0,3859.04,127.0,3.0,97.1,si,Arequipa,0
30.0,2730.62,9.0,17.0,67.96,si,Arequipa,1
21.0,1832.24,15.0,22.0,63.45,si,Lima,1
59.0,4701.61,146.0,3.0,181.42,no,Trujillo,0
26.0,2222.84,20.0,17.0,60.54,no,Lima,1
47.0,5192.82,70.0,8.0,208.24,no,Trujillo,0
69.0,2506.17,124.0,1.0,134.91,no,Trujillo,0
65.0,3148.08,137.0,3.0,114.24,no,Trujillo,0
27.0,4285.7,74.0,9.0,138.68,no,Arequipa,1
29.0,1937.01,7.0,22.0,98.56,si,Lima,1
60.0,4610.63,92.0,5.0,142.53,no,Lima,0
45.0,5505.65,52.0,5.0,216.48,si,Trujillo,1
49.0,5326.39,70.0,10.0,254.61,,Lima,0
69.0,3050.09,89.0,3.0,118.32,no,,0
41.0,6347.95,51.0,7.0,250.73,si,Lima,1
60.0,5353.93,70.0,4.0,132.01,no,Arequipa,0
45.0,5710.79,78.0,6.0,201.41,si,Arequipa,1
32.0,2624.5,12.0,16.0,89.38,si,Arequipa,1
40.0,4300.03,123.0,3.0,154.82,no,Trujillo,0
44.0,4818.87,55.0,6.0,235.12,no,Lima,0
26.0,2197.46,8.0,14.0,62.44,si,Lima,1
31.0,2504.09,9.0,12.0,80.06,si,Lima,1
36.0,5956.49,59.0,5.0,201.32,no,Arequipa,1
26.0,2505.04,10.0,11.0,85.65,no,Trujillo,0
49.0,4282.11,54.0,7.0,235.67,no,Lima,1
48.0,2138.3,98.0,1.0,122.99,no,Lima,0
53.0,4291.17,88.0,1.0,171.8,no,Trujillo,1
64.0,4275.98,147.0,3.0,148.9,no,Lima,0
30.0,2323.98,9.0,13.0,67.73,si,Lima,1
75.0,3464.38,91.0,5.0,136.47,no,Trujillo,1
58.0,3414.28,98.0,,112.91,no,Lima,0
54.0,5927.7,70.0,13.0,255.79,si,Trujillo,1
51.0,3518.32,113.0,7.0,118.31,no,Lima,0
57.0,3029.07,92.0,5.0,118.22,no,Arequipa,0
,2955.92,94.0,3.0,202.95,si,Arequipa,0
38.0,7170.75,69.0,8.0,185.7,no,Arequipa,1
53.0,3155.12,158.0,1.0,201.84,no,Lima,1
26.0,2755.44,11.0,10.0,80.42,no,Lima,1
69.0,3586.21,142.0,5.0,127.32,no,Arequipa,1
50.0,6726.98,65.0,5.0,187.52,si,Arequipa,0
45.0,5169.23,46.0,9.0,203.83,no,Lima,0
56.0,5951.68,72.0,2.0,182.41,no,Arequipa,0
20.0,2592.82,11.0,18.0,123.3,si,Lima,1
30.0,2632.93,14.0,11.0,114.54,si,Lima,1
61.0,5315.68,66.0,9.0,263.14,no,Lima,0
45.0,5812.56,64.0,11.0,246.49,no,Lima,1
36.0,5315.31,60.0,9.0,117.06,no,Lima,1
41.0,6377.72,46.0,4.0,234.31,si,Trujillo,0
77.0,3903.51,105.0,2.0,144.48,no,Arequipa,0
29.0,2995.13,12.0,14.0,87.89,si,Trujillo,1
56.0,5772.47,68.0,8.0,209.7,no,,0
30.0,2947.83,9.0,11.0,86.04,si,Arequipa,1
56.0,3094.2,89.0,3.0,175.92,si,Lima,0
31.0,2738.06,8.0,17.0,64.93,si,Lima,1
56.0,2528.03,93.0,2.0,163.84,no,Trujillo,0
48.0,3328.98,111.0,7.0,122.15,no,Arequipa,0
49.0,2470.11,127.0,6.0,147.52,no,Lima,0
66.0,3860.75,120.0,3.0,134.84,no,Arequipa,0
54.0,5704.31,55.0,6.0,220.03,no,Lima,0
24.0,2220.11,9.0,18.0,82.82,si,,1
,,117.0,8.0,185.4,no,Arequipa,0
48.0,3342.98,118.0,5.0,159.42,no,Arequipa,0
26.0,2963.24,13.0,13.0,72.69,no,Arequipa,1
60.0,3410.63,82.0,4.0,177.15,si,Trujillo,0
66.0,2836.12,103.0,4.0,162.24,no,Arequipa,0
43.0,5530.35,49.0,6.0,222.28,no,Lima,0
62.0,3829.3,83.0,1.0,183.64,no,Trujillo,0
51.0,4429.12,29.0,12.0,198.63,no,Trujillo,1
55.0,4871.21,78.0,3.0,178.14,si,Arequipa,0
25.0,2136.97,14.0,14.0,102.97,si,Arequipa,1
67.0,3178.67,186.0,5.0,209.01,no,Arequipa,0
61.0,4742.02,107.0,6.0,130.3,no,Trujillo,0
28.0,2492.59,19.0,18.0,59.1,si,Lima,1
71.0,2753.14,118.0,2.0,125.34,no,Arequipa,0
24.0,2124.05,13.0,16.0,77.57,no,Trujillo,0
71.0,4754.95,109.0,5.0,186.87,no,Lima,0
60.0,3649.62,142.0,,160.09,no,Arequipa,0
50.0,4626.64,59.0,6.0,294.92,no,Lima,0
23.0,2758.15,10.0,11.0,68.72,si,Lima,1
25.0,2441.18,8.0,17.0,94.38,si,Lima,1
43.0,5811.69,36.0,5.0,210.12,no,Trujillo,0
28.0,3041.55,9.0,20.0,91.77,si,Lima,1
22.0,2412.93,12.0,17.0,67.89,no,Arequipa,1
29.0,2169.8,15.0,24.0,99.92,si,Arequipa,1
64.0,3765.94,144.0,0.0,159.43,no,Trujillo,0
48.0,4756.39,70.0,7.0,218.65,si,Trujillo,1
41.0,5015.31,62.0,5.0,221.78,no,Lima,0
65.0,2962.4,82.0,7.0,172.79,no,Lima,0
34.0,2260.25,18.0,10.0,88.89,no,Lima,1
33.0,2212.62,21.0,19.0,81.14,si,Arequipa,1
29.0,1684.31,6.0,20.0,91.85,si,Lima,1
31.0,2026.7,13.0,15.0,100.48,si,Arequipa,1
25.0,2642.81,13.0,14.0,82.39,si,Trujillo,1
59.0,5060.35,81.0,10.0,201.88,si,Lima,1
23.0,2020.85,11.0,12.0,110.86,si,Lima,1
31.0,2305.15,9.0,15.0,52.87,si,Lima,1
,2441.33,141.0,6.0,137.15,no,Lima,0
56.0,2469.12,135.0,3.0,140.2,no,Arequipa,0
24.0,2502.1,1.0,26.0,103.93,si,Arequipa,1
62.0,3062.08,144.0,6.0,127.21,no,Trujillo,1
49.0,4809.78,59.0,9.0,242.26,no,Arequipa,0
28.0,2072.95,10.0,12.0,64.3,si,Lima,1
34.0,4442.03,56.0,4.0,230.17,no,Lima,1
34.0,2965.27,16.0,20.0,83.21,si,Lima,1
76.0,3903.58,125.0,6.0,96.18,no,Arequipa,0
64.0,3392.61,112.0,5.0,164.26,no,Arequipa,0
34.0,2274.51,19.0,14.0,110.03,,Lima,1
63.0,3505.15,128.0,3.0,204.59,no,Lima,0
51.0,5960.16,67.0,6.0,219.92,si,Arequipa,1
31.0,2050.14,19.0,11.0,71.25,no,Arequipa,1
47.0,6056.43,70.0,7.0,221.51,si,Arequipa,0
36.0,2870.47,11.0,9.0,48.75,si,Lima,1
,2241.37,8.0,18.0,75.47,si,Lima,1
42.0,5190.3,54.0,5.0,254.75,si,Lima,1
43.0,5941.18,,13.0,283.3,no,Trujillo,0
23.0,2454.18,9.0,12.0,113.4,si,Trujillo,1
55.0,6730.35,41.0,6.0,138.24,no,Trujillo,0
39.0,6899.67,61.0,6.0,204.87,,Trujillo,0
45.0,5762.26,59.0,1.0,205.31,no,Lima,0
72.0,3343.22,96.0,,195.08,no,,1
47.0,5885.8,51.0,10.0,313.52,no,Lima,1
28.0,2263.37,11.0,20.0,75.81,si,Arequipa,1
53.0,4758.9,38.0,,145.56,si,Trujillo,1
29.0,3361.27,10.0,15.0,83.62,si,Lima,1
50.0,4728.99,55.0,9.0,274.43,no,Arequipa,1
24.0,2172.71,15.0,18.0,89.2,si,Lima,1
31.0,1778.05,12.0,25.0,98.08,si,Arequipa,1
51.0,5762.3,52.0,8.0,181.33,si,Lima,1
57.0,3278.05,154.0,3.0,146.47,no,Arequipa,0
23.0,2155.49,14.0,20.0,65.06,si,Trujillo,1
31.0,3731.55,14.0,16.0,60.03,no,Arequipa,0
56.0,3584.0,143.0,5.0,149.53,no,Lima,0
38.0,4606.78,80.0,7.0,246.44,si,Trujillo,1
25.0,2416.75,10.0,16.0,50.42,si,Arequipa,1
52.0,2665.64,106.0,4.0,82.63,no,Trujillo,0
50.0,4760.61,72.0,7.0,206.89,no,Lima,0
36.0,4302.78,62.0,,206.43,no,Arequipa,0
26.0,2375.89,21.0,19.0,85.99,no,Arequipa,0
38.0,4134.11,,7.0,196.4,si,Lima,1
60.0,2836.62,63.0,2.0,103.29,no,Arequipa,0
55.0,2056.96,102.0,5.0,171.23,no,Lima,0
41.0,6234.76,47.0,12.0,260.07,no,Arequipa,0
36.0,5375.28,62.0,10.0,251.25,si,Lima,1
39.0,6123.15,57.0,10.0,197.8,si,Lima,1
24.0,3353.21,,14.0,90.83,si,Arequipa,1
64.0,3373.36,172.0,2.0,126.75,no,Trujillo,0
56.0,3026.69,113.0,2.0,96.58,no,Trujillo,0
25.0,2414.62,12.0,9.0,85.37,no,Lima,1
27.0,2816.67,13.0,8.0,83.69,si,Arequipa,1
31.0,6132.3,63.0,12.0,226.86,si,Lima,1
44.0,5190.32,60.0,9.0,259.12,si,Lima,1
44.0,4886.67,57.0,13.0,265.5,no,Lima,1
23.0,2294.45,11.0,16.0,110.27,no,Lima,0
64.0,2528.27,71.0,2.0,131.13,no,Arequipa,0
47.0,6280.65,64.0,8.0,236.84,no,Trujillo,0
21.0,2852.66,22.0,11.0,63.94,si,Lima,1
46.0,5560.76,72.0,1.0,221.89,no,Arequipa,0
38.0,5010.21,57.0,9.0,240.0,no,Lima,1
55.0,5709.0,69.0,11.0,235.29,si,Lima,1
34.0,4996.59,63.0,8.0,230.03,no,Arequipa,0
41.0,6054.33,56.0,9.0,226.04,si,Trujillo,1
37.0,4595.29,49.0,9.0,232.14,si,Arequipa,1
28.0,1673.02,3.0,13.0,57.17,si,Lima,1
56.0,2189.3,142.0,4.0,138.2,no,Trujillo,0
49.0,5555.48,43.0,7.0,278.19,no,Arequipa,0
24.0,1796.5,10.0,23.0,104.17,si,,1
35.0,2269.29,12.0,16.0,59.68,si,Trujillo,1
40.0,4805.37,56.0,10.0,305.8,si,Arequipa,1
73.0,2932.48,81.0,8.0,138.73,no,Trujillo,0
17.0,,8.0,21.0,73.55,si,Lima,1
68.0,3813.51,169.0,2.0,186.32,no,Lima,0
59.0,6605.16,60.0,8.0,225.81,si,Arequipa,1
27.0,2509.8,15.0,17.0,89.82,si,Trujillo,1
27.0,2164.11,1.0,16.0,104.77,si,Arequipa,1
51.0,5900.53,52.0,14.0,221.39,no,Lima,1
25.0,2629.09,18.0,10.0,121.12,si,Lima,1
42.0,5312.47,,9.0,162.03,si,Trujillo,1
30.0,2098.99,13.0,16.0,63.22,si,Lima,1
49.0,4783.72,39.0,9.0,208.38,si,Arequipa,1
50.0,2626.05,84.0,,151.19,no,Arequipa,0
49.0,3876.57,106.0,3.0,168.93,no,Lima,0
49.0,3573.64,68.0,4.0,157.08,no,Trujillo,0
47.0,4765.05,63.0,8.0,254.26,no,Trujillo,0
49.0,5878.91,66.0,8.0,273.28,no,Trujillo,0
26.0,2259.91,17.0,15.0,50.3,no,Lima,1
35.0,5332.55,53.0,7.0,236.62,si,Lima,1
26.0,2419.12,3.0,19.0,100.8,si,Trujillo,1
27.0,2718.84,15.0,15.0,66.62,si,Arequipa,1
35.0,2787.02,11.0,11.0,68.98,si,Lima,1
52.0,2097.1,158.0,4.0,190.97,no,Lima,0
58.0,3292.6,172.0,3.0,120.83,no,Trujillo,0
43.0,4872.99,64.0,6.0,229.91,no,Lima,0
26.0,1978.21,12.0,14.0,65.66,si,,0
52.0,4703.35,78.0,8.0,164.29,si,Lima,0
54.0,3261.69,126.0,4.0,188.59,no,,0
33.0,2464.35,18.0,14.0,76.13,si,Lima,1
62.0,4684.64,149.0,5.0,,no,Lima,0
58.0,3970.38,55.0,3.0,114.57,no,Trujillo,1
25.0,2728.24,5.0,14.0,21.57,si,Arequipa,1
55.0,4560.5,154.0,5.0,149.04,no,Trujillo,1
55.0,2766.92,179.0,2.0,120.09,no,,0
25.0,2764.85,11.0,13.0,75.5,si,Lima,1
34.0,2552.3,12.0,8.0,73.95,si,Lima,1
56.0,5061.37,71.0,7.0,181.34,si,Lima,1
33.0,2234.95,11.0,11.0,58.56,si,Lima,1
67.0,3154.04,141.0,3.0,118.36,no,Lima,1
46.0,6875.5,46.0,5.0,270.28,no,Lima,0
42.0,6393.92,81.0,5.0,212.0,no,Lima,0
43.0,5399.64,70.0,6.0,209.83,si,Lima,1
43.0,4927.39,61.0,8.0,243.56,si,Arequipa,1
39.0,3627.69,143.0,4.0,157.25,si,Trujillo,1
73.0,4434.91,115.0,5.0,181.57,no,Lima,1
52.0,4676.5,76.0,3.0,243.39,si,Lima,1
40.0,6654.91,67.0,8.0,203.43,no,Trujillo,0
30.0,2684.84,,20.0,103.81,si,Lima,1
29.0,2802.16,6.0,22.0,81.23,no,Arequipa,1
28.0,2612.4,13.0,16.0,69.08,si,Arequipa,1
20.0,2067.38,16.0,12.0,87.35,si,Lima,1
60.0,3322.7,138.0,5.0,130.7,no,Trujillo,0
56.0,3396.99,142.0,,140.52,no,Lima,0
75.0,4214.21,69.0,6.0,143.24,,Arequipa,0
59.0,3840.49,100.0,7.0,136.34,no,Lima,0
41.0,5212.19,49.0,12.0,239.87,si,Arequipa,1
53.0,3130.02,136.0,5.0,135.92,no,Lima,0
32.0,2269.67,13.0,19.0,69.35,si,Trujillo,1
28.0,2725.19,19.0,22.0,54.91,si,Lima,1
26.0,2169.11,9.0,16.0,57.94,si,Lima,1
38.0,6020.91,56.0,6.0,271.34,no,Lima,0
49.0,5665.81,65.0,6.0,217.32,si,Arequipa,0
58.0,4143.32,124.0,3.0,170.65,si,Trujillo,1
35.0,,44.0,7.0,242.65,no,Arequipa,1
27.0,2474.93,12.0,15.0,59.52,si,Lima,1
67.0,3952.94,124.0,5.0,119.46,no,Arequipa,0
39.0,5481.16,67.0,7.0,218.85,no,Arequipa,0
28.0,2527.01,14.0,5.0,44.78,si,Trujillo,1
31.0,2597.47,7.0,11.0,74.98,si,Lima,1
43.0,3964.26,54.0,11.0,210.47,si,Arequipa,1
72.0,3601.11,136.0,1.0,152.34,no,Lima,0
44.0,5898.19,81.0,10.0,269.73,no,Lima,1
29.0,2890.05,15.0,17.0,103.71,si,Lima,1
41.0,4231.21,65.0,6.0,199.92,si,Trujillo,1
24.0,2287.9,13.0,19.0,,si,Lima,1
42.0,5353.44,59.0,7.0,,si,Trujillo,1
19.0,1940.57,9.0,17.0,95.89,si,Lima,1
25.0,2492.39,8.0,14.0,72.7,si,Lima,1
63.0,2684.02,120.0,1.0,131.5,no,Arequipa,0
23.0,2289.7,14.0,,114.04,si,Lima,1
36.0,2696.77,11.0,12.0,93.46,,Lima,1
64.0,2357.04,98.0,5.0,159.18,no,Trujillo,0
46.0,6034.99,54.0,8.0,172.9,no,Lima,0
25.0,2239.74,14.0,,85.87,no,Lima,1
29.0,3152.96,11.0,13.0,82.97,no,Arequipa,1
68.0,3478.77,171.0,6.0,163.83,no,Lima,0
63.0,2288.36,128.0,4.0,128.53,no,Lima,0
61.0,3389.76,79.0,11.0,142.07,no,Trujillo,1
50.0,6274.55,,6.0,194.95,no,Trujillo,0
42.0,6032.74,64.0,5.0,215.08,no,Lima,0
44.0,2525.76,75.0,3.0,169.06,no,Trujillo,0
27.0,1650.44,11.0,8.0,86.18,si,Lima,1
25.0,3109.25,9.0,15.0,31.52,si,Lima,1
57.0,3404.81,120.0,6.0,118.1,no,Lima,0
33.0,5035.96,47.0,13.0,187.51,si,Lima,1
38.0,6358.38,55.0,7.0,208.96,no,Trujillo,0
39.0,5243.47,77.0,7.0,271.42,si,Lima,1
41.0,,68.0,11.0,197.84,si,Arequipa,1
51.0,4023.91,93.0,3.0,150.45,no,Lima,0
29.0,2784.65,7.0,16.0,62.25,si,Trujillo,1
49.0,3794.11,103.0,0.0,136.46,no,Trujillo,0
59.0,4619.51,130.0,5.0,107.31,no,Arequipa,1
63.0,3688.18,138.0,4.0,115.97,no,Trujillo,0
54.0,4354.25,90.0,5.0,191.04,si,Arequipa,0
34.0,6572.37,66.0,7.0,204.57,si,Arequipa,1
44.0,7096.53,60.0,10.0,237.34,,,1
57.0,2067.02,113.0,2.0,190.78,no,Arequipa,0
53.0,5079.17,75.0,5.0,215.26,no,Lima,0
45.0,5116.93,57.0,7.0,220.88,no,Trujillo,0
40.0,5463.67,58.0,7.0,152.67,no,Trujillo,0
26.0,2830.17,6.0,19.0,93.56,si,Arequipa,1
43.0,4893.2,78.0,9.0,245.42,no,Lima,1
45.0,6163.79,53.0,4.0,214.55,no,Lima,1
39.0,6239.42,80.0,5.0,208.98,,Lima,1
27.0,2519.23,6.0,,59.81,si,Arequipa,1
29.0,2514.11,13.0,13.0,57.61,si,Lima,1
48.0,4563.61,165.0,2.0,134.99,no,Arequipa,0
74.0,3029.1,52.0,7.0,111.42,no,Lima,0
28.0,2883.71,6.0,14.0,103.47,si,Lima,1
31.0,2014.32,10.0,17.0,82.73,si,Arequipa,1
56.0,3484.79,108.0,5.0,137.43,si,Arequipa,1
44.0,6077.25,65.0,14.0,191.58,no,Lima,1
22.0,2589.64,11.0,19.0,76.66,si,Lima,1
35.0,5296.04,65.0,6.0,193.7,no,Trujillo,0
68.0,4600.52,131.0,4.0,218.66,no,Arequipa,1
57.0,2677.01,123.0,3.0,173.1,no,Trujillo,0
,3289.24,151.0,5.0,122.27,no,Lima,0
38.0,2767.87,11.0,12.0,42.67,si,Lima,1
40.0,6059.06,52.0,8.0,236.27,no,Arequipa,0
48.0,6209.83,80.0,6.0,244.67,no,Arequipa,0
36.0,5253.21,53.0,4.0,252.4,no,Trujillo,0
61.0,2509.03,109.0,4.0,140.31,no,Lima,0
29.0,2200.61,7.0,12.0,72.01,no,Arequipa,1
30.0,2140.63,12.0,21.0,105.8,no,Lima,0
55.0,3466.37,84.0,6.0,238.29,no,Arequipa,0
70.0,3917.23,124.0,3.0,139.65,no,Trujillo,1
30.0,2882.06,12.0,14.0,117.08,no,Lima,1
71.0,3837.92,134.0,4.0,,no,Lima,0
29.0,2772.78,14.0,20.0,94.84,si,Lima,1
42.0,5249.18,62.0,7.0,202.2,no,Trujillo,0
63.0,3687.8,66.0,5.0,131.18,no,Lima,0
47.0,7888.21,44.0,10.0,161.98,no,Trujillo,0
47.0,5614.71,76.0,10.0,301.11,no,Lima,1
43.0,6328.2,70.0,8.0,187.28,no,Trujillo,0
51.0,4285.48,133.0,3.0,158.82,no,Lima,0
21.0,2548.12,6.0,13.0,77.58,si,Lima,1
46.0,4460.34,63.0,11.0,217.93,si,Arequipa,1
33.0,2443.05,10.0,11.0,92.97,si,Lima,1
48.0,5204.38,73.0,13.0,212.05,si,Lima,1
23.0,2138.27,16.0,16.0,121.15,no,Trujillo,0
47.0,5204.58,61.0,8.0,299.95,si,Lima,1
22.0,1719.16,11.0,19.0,95.18,si,Lima,1
27.0,1818.65,5.0,13.0,93.93,si,Trujillo,1
58.0,3374.41,62.0,2.0,192.58,no,Trujillo,0
34.0,6054.78,67.0,7.0,227.73,no,Lima,1
37.0,5957.65,59.0,5.0,205.8,si,Lima,1
76.0,4443.38,146.0,3.0,233.77,no,Lima,0
28.0,2527.92,2.0,18.0,28.92,no,Arequipa,1
46.0,6051.77,78.0,8.0,279.59,no,Arequipa,0
59.0,5097.62,50.0,4.0,187.58,si,Arequipa,1
42.0,5836.78,33.0,7.0,181.52,si,Trujillo,1
45.0,4023.05,46.0,12.0,268.35,no,Lima,1
28.0,2302.8,10.0,12.0,83.67,si,Trujillo,1
40.0,3311.07,174.0,4.0,120.65,no,Arequipa,0
24.0,2529.64,16.0,9.0,79.93,si,Trujillo,1
22.0,2491.64,12.0,18.0,52.56,no,Lima,0
31.0,2486.92,19.0,15.0,109.55,si,Trujillo,1
26.0,2479.9,11.0,9.0,63.79,si,Lima,1
54.0,6212.31,37.0,6.0,188.4,no,Lima,0
50.0,,109.0,5.0,181.14,no,Trujillo,1
35.0,5446.26,52.0,4.0,227.47,no,Lima,1
55.0,3436.08,149.0,5.0,170.97,no,Lima,0
41.0,5927.6,91.0,8.0,,si,Lima,1
66.0,3660.34,172.0,3.0,193.09,si,Trujillo,1
29.0,3324.3,11.0,,49.49,no,Trujillo,1
24.0,1971.91,12.0,21.0,77.23,si,Lima,1
43.0,6187.67,78.0,10.0,200.26,no,Arequipa,0
53.0,1376.69,120.0,7.0,152.35,no,Lima,0
43.0,4439.16,52.0,4.0,186.36,si,Lima,1
57.0,4889.37,66.0,12.0,,no,Arequipa,1
51.0,6839.59,59.0,8.0,250.77,no,Arequipa,0
37.0,2176.68,10.0,17.0,91.73,no,Lima,1
44.0,5263.93,92.0,7.0,174.76,si,Lima,1
29.0,2477.78,14.0,19.0,99.11,si,Arequipa,1
50.0,4340.28,49.0,7.0,136.3,no,Lima,1
34.0,5316.16,54.0,11.0,202.72,si,Lima,1
26.0,3336.95,8.0,18.0,66.45,no,Lima,0
65.0,3265.45,103.0,4.0,92.48,no,Arequipa,0
30.0,3174.86,8.0,11.0,98.27,si,Lima,1
50.0,6171.15,59.0,8.0,,no,Arequipa,0
29.0,2004.87,9.0,6.0,43.96,si,Arequipa,1
25.0,3232.58,11.0,16.0,55.51,si,Lima,1
49.0,4079.01,64.0,9.0,213.4,no,Trujillo,0
26.0,2717.34,13.0,16.0,81.72,si,Lima,1
68.0,2342.13,152.0,1.0,131.16,no,Trujillo,0
45.0,7859.28,57.0,5.0,249.98,no,Lima,1
48.0,3402.63,116.0,4.0,153.67,no,Trujillo,0
42.0,4631.88,57.0,12.0,228.04,no,Trujillo,1
60.0,3557.82,159.0,4.0,213.34,no,Lima,0
26.0,2457.19,6.0,11.0,72.56,si,Arequipa,1
29.0,2260.24,11.0,11.0,80.43,si,Trujillo,1
50.0,6996.77,64.0,8.0,217.96,si,Trujillo,1
65.0,3655.93,167.0,0.0,199.97,no,Trujillo,0
66.0,3825.72,122.0,5.0,200.63,no,Lima,0
26.0,2707.74,8.0,16.0,75.57,si,Arequipa,1
30.0,2646.64,9.0,12.0,78.35,si,Trujillo,1
53.0,5539.82,45.0,12.0,299.87,si,Lima,1
59.0,3717.06,148.0,5.0,156.72,si,Trujillo,1
56.0,3057.22,104.0,4.0,147.98,no,Trujillo,0
65.0,4207.56,217.0,3.0,182.26,no,,0
62.0,2778.32,98.0,2.0,114.87,no,Arequipa,0
51.0,2547.78,206.0,3.0,171.58,no,Arequipa,0
55.0,3031.39,126.0,3.0,126.83,no,Trujillo,0
57.0,4563.56,135.0,4.0,122.01,no,Lima,0
27.0,1925.66,10.0,13.0,83.41,si,Arequipa,1
56.0,4443.29,123.0,2.0,158.87,no,Lima,0
25.0,2939.51,15.0,,116.52,no,Lima,1
57.0,3674.6,126.0,2.0,149.69,no,Lima,0
29.0,2888.63,13.0,13.0,131.16,si,Trujillo,1
55.0,3168.77,126.0,3.0,134.55,no,Lima,0
24.0,1947.96,6.0,20.0,70.94,no,Lima,1
23.0,3134.41,13.0,12.0,56.6,no,Trujillo,1
40.0,5048.18,56.0,13.0,255.28,no,Arequipa,1
29.0,3022.19,13.0,17.0,123.15,si,Lima,1
60.0,2665.46,105.0,1.0,178.44,no,Arequipa,1
52.0,3630.55,,5.0,180.65,no,Lima,0
44.0,5568.71,45.0,9.0,268.36,no,Arequipa,1
42.0,4619.88,52.0,8.0,241.91,no,Arequipa,0
45.0,3544.92,70.0,2.0,157.35,no,Arequipa,0
32.0,3091.98,12.0,8.0,74.58,si,Trujillo,1
23.0,2264.25,,11.0,79.69,no,Arequipa,1
63.0,2679.16,62.0,2.0,185.35,no,Trujillo,0
47.0,,70.0,5.0,186.84,no,Arequipa,0
42.0,4922.61,70.0,7.0,190.67,no,Lima,0
30.0,2715.56,12.0,13.0,97.68,si,Lima,1
20.0,2744.15,10.0,13.0,114.23,si,Lima,1
,3362.76,103.0,5.0,201.91,si,Trujillo,0
43.0,6155.02,64.0,12.0,189.96,no,Lima,1
49.0,4839.67,51.0,10.0,203.09,no,Lima,1
56.0,3231.68,77.0,6.0,138.98,no,Lima,0
64.0,4459.06,172.0,3.0,167.17,no,Lima,0
62.0,2746.01,109.0,,188.48,no,Arequipa,0
28.0,3285.89,12.0,19.0,70.22,si,Lima,1
54.0,5189.59,166.0,3.0,177.95,no,Arequipa,0
54.0,3143.74,87.0,1.0,175.0,no,Arequipa,0
45.0,,38.0,7.0,234.64,no,Lima,0
,3664.95,145.0,2.0,168.64,no,Arequipa,0
59.0,3610.07,123.0,3.0,172.93,no,Lima,0
66.0,4088.92,,5.0,137.36,no,Lima,0
32.0,2923.37,14.0,17.0,121.23,si,Lima,1
,2744.95,158.0,6.0,135.48,no,Arequipa,0
25.0,2971.72,7.0,13.0,51.63,si,Lima,1
51.0,3895.29,103.0,5.0,179.0,no,Lima,0
53.0,3770.65,149.0,5.0,155.49,no,Lima,0
65.0,3718.47,79.0,4.0,151.75,si,Lima,1
27.0,2573.34,5.0,20.0,66.97,no,Lima,1
28.0,2530.95,8.0,12.0,79.57,si,Lima,1
62.0,2306.11,141.0,3.0,157.52,no,Trujillo,0
24.0,2190.8,5.0,7.0,112.15,no,Trujillo,0
48.0,5691.52,77.0,11.0,208.52,no,Arequipa,0
49.0,6689.8,53.0,10.0,276.14,no,Arequipa,1
31.0,2560.16,16.0,18.0,132.03,si,Lima,1
30.0,2447.94,12.0,19.0,111.23,si,Trujillo,1
29.0,2546.27,13.0,14.0,98.65,no,Arequipa,0
46.0,4214.74,72.0,4.0,271.29,no,Lima,1
67.0,4076.35,144.0,3.0,142.37,no,Trujillo,0
30.0,3046.75,16.0,13.0,115.45,si,Trujillo,1
60.0,3664.12,,8.0,92.72,si,Lima,1
70.0,3369.39,129.0,4.0,116.46,no,Arequipa,0
26.0,2107.4,15.0,20.0,88.74,si,Lima,1
50.0,3484.11,107.0,5.0,111.37,no,Arequipa,0
28.0,2798.92,4.0,9.0,76.54,si,Lima,1
50.0,5520.31,59.0,5.0,207.39,no,Lima,0
32.0,2800.55,16.0,11.0,72.66,si,Trujillo,1
46.0,4971.74,57.0,12.0,283.54,no,Lima,0
54.0,3724.3,150.0,6.0,136.3,no,Trujillo,0
54.0,2827.51,100.0,4.0,128.88,no,Arequipa,0
53.0,3045.54,102.0,5.0,148.83,no,Arequipa,0
15.0,2603.89,7.0,17.0,92.38,no,Trujillo,1
44.0,5214.38,54.0,8.0,304.49,no,Lima,0
29.0,4767.05,67.0,6.0,212.06,no,Lima,0
29.0,3120.46,9.0,5.0,84.49,si,Lima,1
63.0,3272.54,124.0,6.0,221.08,no,Arequipa,0
69.0,3531.93,97.0,3.0,93.75,no,Lima,0
65.0,3335.24,127.0,0.0,146.47,si,Lima,0
26.0,6237.44,67.0,6.0,183.94,si,Lima,1
22.0,3011.07,17.0,16.0,72.54,no,Trujillo,1
23.0,1886.35,15.0,,,si,Lima,1
54.0,2791.23,79.0,3.0,187.49,no,Lima,0
62.0,2965.77,73.0,2.0,104.59,no,Trujillo,0
66.0,3455.01,124.0,6.0,118.24,no,Trujillo,0
27.0,5526.24,49.0,6.0,,no,,0
51.0,5772.04,69.0,5.0,235.64,no,Lima,0
44.0,4417.86,68.0,5.0,205.19,si,Lima,1
29.0,2105.71,10.0,16.0,104.42,si,Arequipa,1
22.0,2269.24,12.0,15.0,87.62,no,Trujillo,1
41.0,2986.88,203.0,2.0,161.91,no,Arequipa,0
28.0,,8.0,14.0,88.39,no,Trujillo,1
57.0,4236.68,120.0,6.0,109.56,no,Trujillo,0
28.0,2585.59,8.0,14.0,44.63,si,Lima,1
46.0,5837.27,64.0,8.0,243.53,si,Lima,1
44.0,6179.28,33.0,8.0,209.06,no,Lima,0
51.0,5394.82,84.0,5.0,151.69,no,Trujillo,1
33.0,2880.17,22.0,14.0,95.07,si,Lima,1
29.0,2076.31,16.0,14.0,92.62,si,Trujillo,1
32.0,2287.8,16.0,25.0,90.27,si,Arequipa,1
42.0,5743.05,64.0,7.0,165.39,si,Trujillo,1
26.0,2404.42,11.0,16.0,84.01,si,Lima,1
55.0,4834.54,70.0,4.0,184.72,no,Lima,0
41.0,3655.97,100.0,4.0,170.98,no,Lima,0
25.0,2312.33,9.0,11.0,62.99,no,Arequipa,0
42.0,5150.59,62.0,9.0,260.26,si,Lima,1
60.0,3561.05,152.0,7.0,108.73,no,Trujillo,0
53.0,3543.83,136.0,5.0,95.72,no,Arequipa,1
57.0,3899.62,86.0,4.0,180.88,no,Trujillo,0
28.0,1931.1,6.0,10.0,63.46,si,Lima,1
61.0,4562.42,98.0,3.0,166.19,no,Lima,0
50.0,3341.41,88.0,5.0,58.66,no,,0
56.0,3897.32,109.0,7.0,156.07,no,Arequipa,0
56.0,3691.89,83.0,2.0,91.6,no,Lima,0
42.0,5316.49,69.0,6.0,192.99,no,Lima,0
51.0,3210.6,101.0,1.0,140.82,si,Trujillo,0
48.0,5846.37,52.0,10.0,234.58,no,Lima,1
41.0,5700.16,57.0,7.0,230.83,,Lima,1
50.0,2631.7,139.0,3.0,155.86,no,Trujillo,0
49.0,6662.61,66.0,4.0,207.72,no,Arequipa,0
32.0,5944.41,55.0,7.0,224.51,,Lima,1
28.0,3375.92,,,69.43,si,Lima,1
28.0,2149.75,16.0,11.0,81.34,si,Arequipa,1
55.0,4647.64,94.0,3.0,151.32,no,Trujillo,0
52.0,4010.95,156.0,4.0,160.17,no,Lima,0
46.0,4581.39,36.0,8.0,293.34,no,Lima,0
25.0,1946.88,9.0,11.0,90.32,si,Arequipa,1
55.0,3700.05,114.0,3.0,135.79,no,Trujillo,0
43.0,4407.24,77.0,10.0,225.15,no,Lima,0
43.0,5735.38,65.0,9.0,186.61,no,Lima,1
54.0,2994.26,129.0,1.0,162.0,no,Lima,0
50.0,5433.25,45.0,7.0,215.95,no,Arequipa,0
29.0,2194.7,13.0,13.0,88.73,no,Lima,0
72.0,2879.76,89.0,4.0,157.35,no,Arequipa,0
40.0,,73.0,6.0,239.6,no,Lima,0
33.0,4601.96,61.0,6.0,216.03,no,Trujillo,0
36.0,6337.85,65.0,11.0,217.72,no,Lima,1
26.0,2496.81,13.0,8.0,109.85,no,Trujillo,0
62.0,2943.8,145.0,4.0,118.5,no,Trujillo,0
42.0,3192.61,178.0,3.0,185.37,no,Trujillo,0
58.0,4419.14,54.0,12.0,192.27,si,Trujillo,1
38.0,5461.08,70.0,11.0,249.5,si,Arequipa,1
37.0,4493.2,50.0,9.0,184.04,si,Arequipa,1
49.0,3299.63,129.0,2.0,159.04,no,Lima,0
64.0,2001.29,80.0,3.0,139.87,no,Lima,0
60.0,2378.72,97.0,4.0,126.82,no,Lima,0
45.0,4616.75,169.0,4.0,149.4,no,Lima,0
68.0,3730.57,82.0,4.0,196.18,no,Arequipa,0
53.0,2065.53,134.0,5.0,161.86,no,Trujillo,0
64.0,3668.12,149.0,6.0,162.36,no,Lima,0
63.0,4009.49,155.0,3.0,164.11,no,Lima,0
56.0,3076.89,115.0,3.0,181.7,no,Lima,1
64.0,3805.19,107.0,2.0,143.23,no,Arequipa,0
25.0,3090.14,14.0,11.0,90.16,si,Lima,1
30.0,2519.41,14.0,10.0,47.7,no,Lima,0
30.0,3047.45,16.0,26.0,83.69,si,Trujillo,1
39.0,4688.88,74.0,10.0,212.65,no,Lima,1
23.0,2275.93,7.0,,62.3,si,Lima,1
59.0,4459.43,108.0,1.0,142.29,no,Trujillo,0
24.0,3151.45,9.0,16.0,76.6,no,Trujillo,1
54.0,2958.39,98.0,3.0,122.54,no,Lima,0
66.0,2480.86,138.0,6.0,126.12,no,Lima,0
56.0,,99.0,4.0,209.17,no,Lima,0
47.0,2756.81,76.0,4.0,187.12,no,,0
22.0,3113.1,11.0,13.0,74.46,,Lima,1
51.0,3935.31,,6.0,223.57,no,Lima,0
24.0,2263.04,14.0,15.0,89.33,si,,1
62.0,2849.45,87.0,3.0,98.47,no,Arequipa,0
40.0,5276.83,70.0,6.0,268.24,si,Lima,1
58.0,3645.28,145.0,7.0,105.87,no,Trujillo,0
65.0,2725.38,106.0,2.0,131.1,si,Lima,0
30.0,1893.92,18.0,16.0,79.45,si,Arequipa,1
48.0,6399.48,64.0,10.0,206.34,si,Arequipa,1
36.0,5360.52,75.0,4.0,166.86,si,Lima,1
54.0,3907.25,149.0,4.0,163.93,no,Lima,1
27.0,2581.39,6.0,17.0,75.93,si,Lima,1
27.0,3076.51,8.0,15.0,72.24,si,Arequipa,1
69.0,2752.55,117.0,4.0,150.54,no,Lima,0
71.0,3415.03,121.0,5.0,143.19,no,Lima,0
65.0,3577.18,124.0,5.0,118.49,no,Lima,1
63.0,2490.96,116.0,7.0,124.39,no,Arequipa,0
28.0,2776.06,5.0,14.0,97.21,si,Lima,0
47.0,3219.95,140.0,2.0,124.97,no,Arequipa,0
33.0,4466.19,55.0,11.0,222.02,si,Lima,1
40.0,4503.43,58.0,8.0,255.62,no,Lima,0
32.0,2825.4,16.0,17.0,70.24,no,Lima,1
27.0,2825.14,16.0,16.0,79.45,si,Lima,1
29.0,2745.67,13.0,17.0,70.68,no,Lima,1
24.0,1862.23,10.0,13.0,56.08,si,Arequipa,1
29.0,2839.84,10.0,18.0,91.59,si,Lima,1
49.0,3675.32,121.0,4.0,146.7,no,Arequipa,0
25.0,2085.1,,16.0,94.74,si,Lima,1
46.0,5886.15,53.0,8.0,244.13,no,Lima,0
44.0,6314.13,68.0,10.0,185.58,si,Trujillo,1
46.0,5495.52,74.0,9.0,225.06,si,Trujillo,1
41.0,6045.64,83.0,9.0,213.75,si,Lima,1
57.0,2653.52,145.0,1.0,156.27,no,Trujillo,0
46.0,5450.25,58.0,8.0,236.59,no,Lima,0
52.0,3671.24,138.0,2.0,175.9,no,Arequipa,0
41.0,5166.11,62.0,4.0,203.14,si,Lima,1
31.0,2319.97,16.0,18.0,77.32,no,Lima,1
23.0,2749.65,16.0,13.0,53.06,no,Lima,1
49.0,6495.74,41.0,10.0,213.04,no,Arequipa,0
59.0,3466.56,111.0,,122.71,no,Lima,0
28.0,2971.78,9.0,18.0,75.82,si,Lima,1
53.0,3927.9,129.0,3.0,147.14,si,Trujillo,1
57.0,3391.4,59.0,3.0,258.78,no,Lima,0
31.0,2495.1,10.0,18.0,104.01,si,Lima,1
21.0,2545.41,14.0,12.0,52.66,si,Lima,1
35.0,2400.41,14.0,10.0,68.96,no,Lima,1
30.0,3011.07,13.0,17.0,109.42,si,Lima,1
53.0,7145.23,59.0,5.0,184.15,si,Lima,0
33.0,5717.2,56.0,9.0,187.56,no,Lima,1
27.0,2701.62,11.0,16.0,91.64,si,Trujillo,1
24.0,1857.42,9.0,16.0,78.0,si,Lima,1
25.0,2629.67,12.0,13.0,106.03,si,Trujillo,1
49.0,5901.43,64.0,7.0,260.93,no,Trujillo,0
40.0,5442.72,62.0,7.0,240.7,no,Arequipa,0
60.0,4215.04,159.0,4.0,154.27,si,Lima,1
31.0,2108.98,14.0,19.0,93.86,si,Arequipa,1
50.0,5276.19,52.0,6.0,244.37,no,Trujillo,0
54.0,4948.22,50.0,9.0,244.55,si,Lima,1
66.0,3441.29,91.0,5.0,150.05,no,Trujillo,0
32.0,,42.0,9.0,199.66,no,Lima,1
30.0,2803.0,5.0,16.0,48.11,si,Trujillo,1
31.0,2774.42,14.0,20.0,120.12,si,Lima,1
52.0,3492.71,99.0,5.0,127.89,no,Trujillo,0
44.0,6160.84,72.0,4.0,233.3,,Lima,1
63.0,3425.29,142.0,5.0,161.44,no,Lima,0
38.0,5939.11,59.0,7.0,219.8,no,Lima,1
29.0,2699.2,,13.0,94.7,si,Lima,1
48.0,3947.27,141.0,6.0,150.36,si,Arequipa,0
48.0,5911.4,57.0,9.0,232.0,no,,1
27.0,1927.94,7.0,12.0,73.26,si,Lima,1
66.0,2739.11,115.0,5.0,115.45,no,Trujillo,0
49.0,3231.58,159.0,2.0,169.47,no,Arequipa,0
27.0,1920.77,13.0,10.0,67.13,si,Trujillo,1
24.0,1579.23,15.0,12.0,22.55,si,Lima,1
31.0,2168.4,3.0,12.0,71.13,si,Lima,1
49.0,7441.37,58.0,5.0,174.48,no,Lima,0
45.0,4509.87,54.0,9.0,210.56,no,Trujillo,1
40.0,5488.93,62.0,7.0,243.37,si,Lima,0
45.0,5062.66,66.0,10.0,184.62,si,Arequipa,1
31.0,2384.54,17.0,15.0,40.67,no,Lima,1
49.0,6658.8,57.0,,178.83,no,Trujillo,1
68.0,3598.06,182.0,5.0,209.51,no,Arequipa,0
41.0,4734.28,43.0,10.0,221.06,si,Lima,1
27.0,2154.4,15.0,9.0,79.29,si,Trujillo,1
20.0,2345.87,8.0,14.0,98.69,no,Lima,1
36.0,5993.6,60.0,4.0,195.02,no,Lima,0
49.0,3145.5,85.0,4.0,125.26,no,Arequipa,0
42.0,5465.22,67.0,12.0,266.21,no,Lima,0
46.0,6210.12,46.0,8.0,258.38,no,Lima,0
31.0,2392.24,15.0,17.0,95.57,si,Lima,1
56.0,3095.07,62.0,6.0,174.26,no,Lima,0
64.0,3569.27,116.0,6.0,175.55,no,Lima,0
36.0,5640.17,50.0,8.0,164.94,no,Lima,1
59.0,4160.4,75.0,6.0,207.56,no,Trujillo,1
37.0,4932.34,59.0,9.0,223.92,no,Lima,1
31.0,2167.62,5.0,18.0,103.29,si,Trujillo,1
63.0,3523.1,109.0,4.0,161.6,no,Trujillo,0
77.0,3063.61,160.0,1.0,132.47,si,Lima,1
55.0,3302.3,189.0,5.0,140.62,no,Lima,0
21.0,2182.85,5.0,24.0,60.81,no,Lima,0
59.0,2195.74,172.0,3.0,94.93,no,Trujillo,0
45.0,5937.81,57.0,8.0,152.51,no,Arequipa,0
69.0,3530.83,124.0,8.0,168.27,no,Trujillo,0
32.0,4397.91,80.0,13.0,246.11,si,,1
,2097.59,12.0,25.0,120.27,no,Lima,0
56.0,5885.49,56.0,8.0,179.48,si,,1
57.0,4331.29,94.0,3.0,147.51,no,Lima,1
69.0,2022.81,83.0,1.0,173.65,no,Trujillo,0
36.0,2539.73,14.0,8.0,83.53,no,Lima,0
27.0,2735.33,13.0,23.0,28.18,no,Lima,1
28.0,5186.39,68.0,6.0,193.96,no,Arequipa,1
52.0,6150.56,50.0,2.0,188.04,no,Lima,0
24.0,2114.03,7.0,17.0,110.84,si,Lima,1
,5684.06,63.0,5.0,204.06,no,Arequipa,1
31.0,2085.9,14.0,13.0,101.77,no,Arequipa,0
40.0,6435.67,41.0,13.0,206.55,si,Lima,1
54.0,4947.57,34.0,10.0,284.05,no,Arequipa,1
47.0,5985.48,48.0,13.0,209.02,si,Lima,1
37.0,5708.22,50.0,7.0,230.62,no,Lima,0
48.0,2890.62,186.0,6.0,124.18,no,Lima,0
44.0,3777.33,67.0,5.0,176.64,si,,1
64.0,3654.52,124.0,7.0,143.07,no,Lima,0
21.0,1814.75,11.0,,68.39,si,Lima,1
60.0,3388.47,141.0,3.0,208.31,no,Trujillo,0
27.0,2339.51,,16.0,68.34,,Trujillo,1
46.0,6149.12,47.0,6.0,305.98,no,Trujillo,0
29.0,2436.02,12.0,13.0,101.45,no,Trujillo,1
31.0,4494.79,67.0,6.0,237.8,si,Trujillo,1
47.0,5071.36,62.0,7.0,267.37,no,,0
26.0,2448.83,12.0,16.0,95.32,si,Trujillo,1
45.0,5234.95,53.0,6.0,203.01,no,Lima,0
24.0,3250.47,7.0,20.0,44.78,si,Lima,1
75.0,3419.89,134.0,4.0,136.49,no,Lima,0
33.0,2439.29,16.0,14.0,68.47,si,Lima,1
59.0,3459.37,87.0,3.0,191.66,no,Trujillo,0
34.0,2371.45,17.0,14.0,64.86,si,Arequipa,1
35.0,3080.46,6.0,15.0,93.26,si,Trujillo,1
40.0,5985.38,56.0,3.0,200.64,no,Trujillo,0
48.0,7391.1,64.0,7.0,230.75,si,Trujillo,0
26.0,2539.07,7.0,17.0,75.03,si,Arequipa,0
